,g_mag,r_mag,int_color,num_rgb,num_cheb,num_agb,num_eagb,num_tpagb
0,22.284253150016717,21.831235907753808,0.4530172422629052,973,99,14,13,1
1,22.19108518118357,21.721596966766658,0.4694882144169117,949,108,22,21,1
2,22.226541409043765,21.77383751075141,0.4527038982923582,884,121,18,18,0
3,22.177106132158325,21.697367182047763,0.4797389501105622,1002,119,19,15,4
4,22.20419157144444,21.736682294506018,0.467509276938422,905,106,12,12,0
5,22.247375176516016,21.805606149332867,0.4417690271831506,996,110,13,13,0
6,22.213591068742424,21.729463604739156,0.48412746400326917,939,105,21,19,2
7,22.2107758406272,21.768196530697658,0.44257930992954453,944,121,17,17,0
8,22.313843964172776,21.878484763470063,0.4353592007027118,899,108,13,13,0
9,22.232666063390063,21.779814983589254,0.4528510798008059,975,109,14,14,0
10,22.18176923562664,21.699163013030013,0.4826062225966257,940,102,23,21,2
11,22.18301147656412,21.686272010779266,0.496739465784852,982,105,15,13,2
12,22.245971289150273,21.77960874141561,0.466362547734659,908,96,21,19,2
13,22.203467738999194,21.720788730087595,0.48267900891159926,963,99,19,18,1
14,22.15589395543773,21.67660306226326,0.47929089317446744,979,115,18,17,1
15,22.14591898150067,21.65681680324031,0.4891021782603626,997,112,19,17,2
16,22.149943165266244,21.673557797519795,0.4763853677464468,962,126,14,13,1
17,22.32683718321425,21.881775486018444,0.44506169719580235,931,98,9,8,1
18,22.201963131318948,21.74038866387288,0.46157446744606584,1016,101,19,18,1
19,22.119214753471525,21.575284296147647,0.5439304573238806,976,98,35,27,8
20,22.196687178853608,21.739799387027574,0.45688779182603395,944,115,24,22,2
21,22.214429096958078,21.74734951097818,0.46707958597989846,922,112,22,20,2
22,22.13423554631059,21.664883221845642,0.4693523244649518,955,138,24,23,1
23,22.221089739971383,21.7510919957814,0.4699977441899832,1001,107,11,10,1
24,22.202173106515538,21.729442920951225,0.47273018556431173,963,117,15,13,2
25,22.182165110060748,21.705044904248204,0.4771202058125415,964,96,21,20,1
26,22.169460531239995,21.68235346950905,0.4871070617309421,947,110,18,17,1
27,22.24212545439633,21.784114483488217,0.4580109709081136,973,105,19,17,2
28,22.169067113312902,21.710560098847115,0.4585070144657863,1019,116,18,18,0
29,22.213311190598905,21.730296407501456,0.48301478309744916,973,109,20,18,2
30,22.17508220606826,21.686695814740983,0.4883863913272819,1008,110,14,13,1
31,22.23055159999211,21.757124891032635,0.4734267089594797,967,109,13,11,2
32,22.27450864908263,21.815546593791897,0.4589620552907326,935,102,12,11,1
33,22.176009484096156,21.72943645526299,0.4465730288331651,983,120,20,20,0
34,22.286343956246547,21.847896402965755,0.43844755328079077,980,90,17,17,0
35,22.25277198416108,21.81586543952958,0.4369065446314966,923,127,14,14,0
36,22.230967070640048,21.762497482040366,0.4684695885996821,933,101,12,11,1
37,22.149132509406286,21.641564961710642,0.5075675476956386,960,119,11,9,2
38,22.160377006083685,21.660286973485512,0.5000900325981731,1000,97,21,21,0
39,22.222531878305652,21.732303462114196,0.49022841619145163,956,106,10,9,1
40,22.262189432959254,21.788810328206665,0.4733791047525832,896,112,17,15,2
41,22.23044664030729,21.741191916356037,0.48925472395125286,949,108,17,13,4
42,22.10960102632166,21.585451082434552,0.5241499438871067,994,103,21,17,4
43,22.22924416913603,21.751298225676923,0.4779459434591049,904,109,14,13,1
44,22.237803610645113,21.74276832289509,0.49503528775002614,936,99,15,14,1
45,22.238036473895825,21.792763364826598,0.44527310906923,941,117,18,17,1
46,22.155330819613816,21.653269094311707,0.502061725302106,955,108,13,12,1
47,22.204849267690072,21.725474050203232,0.4793752174868392,951,115,14,12,2
48,22.210152337119908,21.73803729405172,0.4721150430681865,947,107,14,12,2
49,22.17965420150964,21.72156492582421,0.4580892756854233,958,121,13,13,0
50,22.18254719122893,21.701025924801947,0.4815212664269869,961,110,20,20,0
51,22.229371832998947,21.759347430530582,0.4700244024683675,937,117,14,11,3
52,22.278791308923754,21.821967976826606,0.45682333209714554,977,106,13,12,1
53,22.211385766159353,21.755050956302732,0.4563348098566229,1002,105,20,20,0
54,22.237991543185057,21.763591904696455,0.47439963848860167,962,103,18,16,2
55,22.23792144656568,21.75604704321951,0.48187440334617476,935,102,16,12,4
56,22.240738439419765,21.800993239938457,0.4397451994813073,981,121,13,11,2
57,22.152156495729326,21.66689179629046,0.48526469943886347,973,119,22,19,3
58,22.223921833122002,21.776237212159497,0.44768462096250544,983,110,18,18,0
59,22.187409384626243,21.71893796930986,0.46847141531638353,957,115,16,15,1
60,22.272403405390225,21.794807640837448,0.4775957645527751,967,104,14,12,2
61,22.125456084157335,21.617949381909742,0.5075067022475928,990,110,18,16,2
62,22.23875382623014,21.757154457868637,0.48159936836150435,949,102,19,17,2
63,22.249114825199943,21.736691845672738,0.5124229795272046,942,93,14,12,2
64,22.136857088046817,21.6309315498653,0.5059255381815199,997,103,17,14,3
65,22.113415562577924,21.629075960583663,0.4843396019942553,1035,112,20,19,1
66,22.257544166652803,21.768207156910098,0.4893370097427027,899,96,17,14,3
67,22.239754473042378,21.758209520158317,0.48154495288406046,898,110,19,18,1
68,22.239651780202717,21.772915921565822,0.4667358586368902,990,108,16,14,2
69,22.237984517424497,21.758766882196877,0.4792176352276213,931,105,15,15,0
70,22.14650495381005,21.63032223534518,0.5161827184648733,957,115,19,17,2
71,22.21549194994528,21.712090025004656,0.50340192494062,930,107,14,10,4
72,22.230185652933628,21.754917623830877,0.47526802910275356,952,112,20,18,2
73,22.159427750145262,21.64637764058766,0.5130501095576046,913,122,12,10,2
74,22.13490429488497,21.644158928515083,0.49074536636988747,927,119,15,14,1
75,22.182346712839454,21.69091793446514,0.4914287783743171,968,102,22,20,2
76,22.2064366814797,21.7595318042676,0.4469048772121023,969,118,10,10,0
77,22.245621719258246,21.790178196854548,0.4554435224036988,918,123,9,9,0
78,22.25451760129838,21.744678364441974,0.5098392368564093,889,95,24,20,4
79,22.17466952241942,21.68848074292881,0.48618877949061357,971,105,13,13,0
80,22.245254007209216,21.754983180629917,0.4902708265792981,958,86,18,15,3
81,22.218228711093367,21.72700417440514,0.49122453668823,915,104,16,15,1
82,22.218210110382834,21.73534942683206,0.48286068355077594,990,98,14,14,0
83,22.210510938996922,21.746546197474082,0.46396474152283973,994,108,12,10,2
84,22.166331378593455,21.65311620154207,0.5132151770513823,970,95,18,14,4
85,22.135058749081157,21.611296292907802,0.5237624561733554,1028,90,14,14,0
86,22.17653102477117,21.682793223781584,0.4937378009895813,983,114,24,20,4
87,22.197475003312345,21.693331396626633,0.5041436066857136,1002,105,20,16,4
88,22.187358786595617,21.695152216687738,0.4922065699078789,973,113,12,11,1
89,22.132357595951945,21.632410343982592,0.49994725196935125,978,106,26,25,1
90,22.205117890910138,21.718405320721388,0.48671257018874864,931,106,15,14,1
91,22.189619753305138,21.697445355841523,0.49217439746361674,1009,105,10,9,1
92,22.20557723337518,21.728898550313854,0.4766786830613326,972,124,11,10,1
93,22.180384844996325,21.68822425066918,0.4921605943271419,992,109,12,11,1
94,22.12835806977133,21.6208433759845,0.5075146937868342,966,117,22,21,1
95,22.10671678136473,21.599910463708806,0.5068063176559272,963,122,16,12,4
96,22.244990899741893,21.761773119038228,0.4832177807036645,928,95,18,18,0
97,22.215166957461637,21.744582507611725,0.4705844498499131,976,108,6,6,0
98,22.221415950723152,21.725362771187147,0.4960531795360028,936,103,13,12,1
99,22.2778969697252,21.830739112599503,0.4471578571256988,922,114,15,14,1
100,22.235615050563208,21.78538093976675,0.4502341107964581,927,91,12,10,2
101,22.24147878295842,21.742361908561783,0.499116874396637,961,80,22,19,3
102,22.203833451710288,21.741291858812946,0.46254159289734287,935,116,15,14,1
103,22.218741532408593,21.75390244317908,0.46483908922951034,958,100,10,10,0
104,22.09747065952272,21.57011801326197,0.5273526462607546,1002,131,15,14,1
105,22.21284682840759,21.753999859217505,0.45884696919008205,988,113,18,16,2
106,22.171362226139554,21.686116484330537,0.48524574180901414,936,129,10,7,3
107,22.341796775517466,21.89411758174652,0.4476791937709415,963,92,11,10,1
108,22.191590783013687,21.690690992051145,0.5008997909625373,960,107,20,19,1
109,22.259173225642893,21.803891175862677,0.45528204978021514,910,105,11,11,0
110,22.170246543374653,21.674833104372816,0.49541343900183643,1015,93,14,14,0
111,22.219319170226285,21.74529049879608,0.4740286714302063,967,108,10,10,0
112,22.294916473857825,21.86178933534429,0.43312713851353024,947,106,16,16,0
113,22.26196686995733,21.803778644962573,0.45818822499475725,974,116,16,13,3
114,22.24137011360597,21.78613500890727,0.45523510469869977,975,104,19,19,0
115,22.204114045353887,21.72635944001316,0.47775460534072933,914,107,21,20,1
116,22.16323828978897,21.674933557968128,0.48830473182084044,963,119,22,19,3
117,22.29613046353906,21.861561829371993,0.43456863416706953,970,101,13,13,0
118,22.184565957818737,21.716016938955903,0.46854901886283545,972,132,14,12,2
119,22.243242038565562,21.771476922573406,0.4717651159921568,949,104,18,18,0
120,22.255692775769663,21.785283636772178,0.47040913899748726,919,96,19,18,1
121,22.18688311961934,21.693118206386053,0.49376491323328264,1029,98,21,20,1
122,22.260074792316384,21.80906271540058,0.45101207691580414,924,118,11,10,1
123,22.242477344448638,21.75145520124445,0.4910221432041848,949,86,13,13,0
124,22.207668020578666,21.794369971469777,0.4132980491088864,916,121,6,6,0
125,22.138001603074787,21.664652312293306,0.4733492907814849,998,138,11,10,1
126,22.278416303341984,21.835979630786937,0.44243667255504593,902,105,17,17,0
127,22.205868396930963,21.728245343475546,0.47762305345541545,982,107,16,15,1
128,22.1872152276662,21.681386282580434,0.5058289450857699,946,101,20,17,3
129,22.202852926455947,21.71838626403477,0.4844666624211771,1013,109,21,20,1
130,22.215721086796872,21.769416590700736,0.44630449609613365,941,118,21,21,0
131,22.243986536422952,21.76997488070208,0.4740116557208734,972,101,13,13,0
132,22.149439157755136,21.63263140418492,0.516807753570216,966,100,13,13,0
133,22.195353341234238,21.713069884016164,0.4822834572180728,940,120,19,18,1
134,22.337435864158483,21.883842896981022,0.4535929671774608,886,95,14,14,0
135,22.280383410180672,21.835613382216263,0.44477002796440906,955,100,13,13,0
136,22.23918896551966,21.715144876093856,0.5240440894258032,961,78,14,14,0
137,22.230588843472212,21.778639284168225,0.4519495593039895,939,121,18,16,2
138,22.202279633132616,21.717329854371794,0.484949778760821,986,95,19,17,2
139,22.265537312885883,21.817482130418306,0.4480551824675747,882,110,23,22,1
140,22.200115540539826,21.69498456935855,0.5051309711812767,954,96,16,15,1
141,22.12857392392045,21.623461328296763,0.5051125956236857,922,122,25,22,3
142,22.155041009414916,21.654615447974194,0.5004255614407239,949,94,16,15,1
143,22.19564126043451,21.738093044900346,0.45754821553416414,945,107,24,23,1
144,22.197267498983678,21.719242574227444,0.4780249247562362,1001,99,10,10,0
145,22.23268270196948,21.738099204480402,0.4945834974890758,988,85,15,14,1
146,22.20833434293926,21.734061697739495,0.47427264519976475,948,109,15,14,1
147,22.20019480757405,21.71820345297213,0.48199135460192116,944,103,23,18,5
148,22.158849086591314,21.668393716173895,0.49045537041742104,1007,121,7,7,0
149,22.16569681405767,21.667945880679937,0.49775093337773385,961,121,22,21,1
150,22.218251605679953,21.734672607564182,0.48357899811576943,944,108,18,14,4
151,22.165860549135445,21.660444394756425,0.5054161543790177,987,100,18,16,2
152,22.142009863152786,21.624228467535396,0.517781395617394,899,110,15,15,0
153,22.212116672260382,21.770580353654726,0.4415363186056554,950,108,17,14,3
154,22.23843743091891,21.74680442149073,0.4916330094281831,949,78,22,18,4
155,22.1484250189435,21.673826080948068,0.47459893799543307,957,121,19,17,2
156,22.164698121992977,21.670813005117328,0.4938851168756502,964,105,15,15,0
157,22.215985555067952,21.736483393172797,0.4795021618951577,961,103,19,18,1
158,22.049784075574973,21.50448534050668,0.5452987350682894,934,112,22,20,2
159,22.209054094507476,21.732389863028473,0.47666423147900583,910,109,12,12,0
160,22.280974332502016,21.826102411556732,0.45487192094528295,960,102,16,16,0
161,22.20407943032965,21.712872461628695,0.49120696870095415,967,95,16,15,1
162,22.177900780784356,21.70407246007247,0.4738283207118882,972,127,12,11,1
163,22.133621311571293,21.60466471442565,0.5289565971456421,965,106,20,17,3
164,22.24908791889267,21.809579660024497,0.43950825886817346,939,100,16,15,1
165,22.182287780352517,21.6932544541281,0.48903332622441975,960,109,11,9,2
166,22.240584941314594,21.778902702659106,0.46168223865548963,954,120,13,12,1
167,22.12751775657866,21.63541854262036,0.4920992139583002,985,123,21,20,1
168,22.181256035898883,21.671508856600035,0.5097471792988468,949,91,17,15,2
169,22.210301767528158,21.739356862649846,0.4709449048783104,945,115,24,23,1
170,22.23587012142806,21.77547184538369,0.4603982760443702,977,98,20,20,0
171,22.162698784173507,21.649596250949656,0.5131025332238514,999,97,22,19,3
172,22.287982635163765,21.847088092568416,0.4408945425953482,973,103,20,19,1
173,22.207670587965154,21.751035824894963,0.45663476307019757,975,107,14,13,1
174,22.21370508937771,21.764145402455565,0.44955968692214787,1011,108,21,21,0
175,22.221639647822773,21.747668734077074,0.47397091374569905,917,113,17,17,0
176,22.167341723875204,21.673077116185997,0.49426460768920816,928,124,21,18,3
177,22.212620585004093,21.737224462104884,0.47539612289921046,919,118,11,11,0
178,22.168818408720668,21.674126142182608,0.49469226653806325,999,91,22,20,2
179,22.270353531101538,21.797444785857103,0.4729087452444392,940,89,11,11,0
180,22.22543887245568,21.73768013368745,0.4877587387682295,943,96,16,13,3
181,22.194521042665073,21.72008767040387,0.4744333722612026,956,113,21,19,2
182,22.165139912868447,21.68048880822805,0.4846511046404017,938,110,17,16,1
183,22.228300243234177,21.774774107371666,0.45352613586251006,979,109,14,13,1
184,22.150629810821407,21.656420303619996,0.49420950720140583,972,107,18,16,2
185,22.200903815136602,21.716104456483023,0.48479935865357837,961,102,13,11,2
186,22.251448263678775,21.77558654526395,0.47586171841482555,927,116,14,12,2
187,22.228948436048107,21.75689947737453,0.4720489586735741,918,106,21,20,1
188,22.123355716757914,21.603938097073243,0.51941761968467,954,112,26,20,6
189,22.134536983368708,21.632659208354102,0.5018777750146092,976,110,23,20,3
190,22.166145813870802,21.680499298328257,0.485646515542541,957,109,22,19,3
191,22.286713180474717,21.820605072664883,0.46610810780983497,930,106,12,11,1
192,22.173845920359533,21.715061706252577,0.45878421410695425,1006,116,18,17,1
193,22.161008305368085,21.677708711416336,0.48329959395175226,970,124,18,16,2
194,22.130359298148722,21.63195224694043,0.49840705120829343,957,133,19,17,2
195,22.230087478191223,21.7701112886115,0.45997618957972386,970,110,20,20,0
196,22.25757932050672,21.814280545672332,0.44329877483438485,956,106,21,21,0
197,22.239744801707168,21.783023110735947,0.4567216909712192,942,98,25,24,1
198,22.262078940083192,21.80148219798259,0.46059674210060286,922,119,11,10,1
199,22.240944796582905,21.75166264665527,0.489282149927637,935,89,13,13,0
200,22.276018656000804,21.79699339268045,0.47902526332035633,908,92,16,14,2
201,22.139395071698175,21.62864016604114,0.5107549056570361,970,105,19,16,3
202,22.226312402953848,21.764724737947795,0.4615876650060502,946,107,15,15,0
203,22.269191959494677,21.834609076307853,0.4345828831868246,974,111,12,11,1
204,22.25222860297609,21.807617314573395,0.4446112884026935,998,113,10,10,0
205,22.18011068303053,21.70612302662772,0.47398765640281426,925,130,12,8,4
206,22.191849853403763,21.725939711275785,0.4659101421279799,977,117,13,13,0
207,22.22133272285072,21.774900060061377,0.44643266278934,973,122,8,8,0
208,22.179412729290004,21.712170789160837,0.4672419401291691,998,106,24,24,0
209,22.14812020047658,21.642012748865277,0.5061074516113006,935,128,15,12,3
210,22.209852528122834,21.734811729764125,0.4750407983587079,945,118,16,15,1
211,22.27780677163191,21.800468924304482,0.4773378473274241,945,103,15,14,1
212,22.130004106321177,21.63710814304337,0.49289596327780844,1026,110,13,12,1
213,22.300973056940414,21.88691984492459,0.4140532120158213,907,117,16,15,1
214,22.17558397042525,21.717601709605972,0.45798226081928173,989,114,15,14,1
215,22.139895439100062,21.61476822397305,0.5251272151270104,1040,98,16,13,3
216,22.22142512325381,21.735963132686024,0.48546199056778716,910,111,13,12,1
217,22.24107747333015,21.761274135531576,0.47980333779857354,941,108,14,11,3
218,22.172022551383538,21.695744086129842,0.47627846525369727,1000,113,17,16,1
219,22.207168447199322,21.72228746410655,0.4848809830927693,969,104,16,14,2
220,22.31516086312668,21.832081485833015,0.4830793772936615,918,94,16,13,3
221,22.151376844636886,21.666059091715933,0.48531775292095786,955,116,15,15,0
222,22.220884358996365,21.727831390326262,0.49305296867010506,977,92,12,11,1
223,22.25651202720259,21.775118127817255,0.4813938993853375,900,100,15,15,0
224,22.208035787226123,21.690652920370166,0.5173828668559578,904,102,19,16,3
225,22.17543316542587,21.699660673536854,0.47577249188901416,964,115,17,17,0
226,22.230140098537046,21.77245517331622,0.4576849252208287,955,104,16,13,3
227,22.282267673713324,21.82249905698339,0.45976861672993297,965,101,14,12,2
228,22.06908476043192,21.543603919329726,0.5254808411021924,1015,121,21,19,2
229,22.209310528094463,21.721083519165596,0.4882270089288681,958,112,18,16,2
230,22.181216381181223,21.67994249881022,0.5012738823710066,902,104,14,12,2
231,22.235877572839122,21.80446617649711,0.43141139634200865,952,115,18,18,0
232,22.166191995100085,21.65949828180338,0.5066937132967049,966,115,19,16,3
233,22.167424968818704,21.658279892944424,0.5091450758742757,927,103,16,16,0
234,22.313417292221427,21.853234099977122,0.46018319224430326,890,95,11,10,1
235,22.21642109491015,21.724783803129114,0.49163729178103843,918,106,18,17,1
236,22.239329936262337,21.769132749921305,0.47019718634103413,933,114,11,11,0
237,22.213430079575105,21.75817419981628,0.45525587975882137,998,98,10,9,1
238,22.22842106035661,21.759840570037035,0.4685804903195736,990,104,10,10,0
239,22.15709095302759,21.647894785580554,0.5091961674470341,954,110,20,17,3
240,22.226856091461286,21.77831589397082,0.4485401974904617,1003,108,18,18,0
241,22.223820141346945,21.762391808576446,0.4614283327704961,942,112,12,11,1
242,22.212512371661184,21.746008547254053,0.46650382440713095,987,110,10,9,1
243,22.15958442848273,21.63867620512363,0.5209082233591034,903,119,26,22,4
244,22.24800849612462,21.77134483891383,0.47666365721079024,950,105,15,15,0
245,22.228744755323177,21.75425518633172,0.47448956899145717,939,113,11,10,1
246,22.132130516149466,21.626995597159457,0.505134918990013,944,117,23,20,3
247,22.1515959205118,21.675461854345222,0.47613406616657894,989,128,19,17,2
248,22.240184492023296,21.778925192487982,0.46125929953531436,953,103,18,15,3
249,22.210228796599978,21.71461353609591,0.495615260504069,916,99,17,16,1
250,22.167580070114823,21.648375895658802,0.5192041744560245,949,101,11,8,3
251,22.304756168513965,21.848601780880642,0.45615438763331984,931,109,14,12,2
252,22.08664772051611,21.58514927736974,0.5014984431463649,1044,118,22,21,1
253,22.168682237024896,21.68117151302692,0.48751072399797735,963,101,22,21,1
254,22.245758592870306,21.79390362064026,0.4518549722300451,910,120,12,12,0
255,22.21363994268462,21.75230246347736,0.4613374792072579,961,113,21,19,2
256,22.189823932569617,21.68772668677727,0.5020972457923456,911,100,24,23,1
257,22.283099388153573,21.823166706022,0.4599326821315748,953,107,13,11,2
258,22.21791069271322,21.78708095130983,0.4308297414033905,947,129,17,17,0
259,22.1561367174294,21.619905965756256,0.5362307516731442,929,92,22,21,1
260,22.133475250510305,21.62402543843388,0.5094498120764289,1013,112,18,13,5
261,22.279445703451767,21.834407781211837,0.4450379222399314,919,109,12,12,0
262,22.243072563420178,21.758427891299583,0.4846446721205977,981,102,12,10,2
263,22.1387514045864,21.660368371515144,0.4783830330712608,1004,122,16,14,2
264,22.169841384497495,21.681715827812667,0.4881255566848261,976,121,17,14,3
265,22.218013177626595,21.711948625365906,0.5060645522606922,912,114,21,18,3
266,22.206497376357895,21.775539577381636,0.4309577989762609,963,126,19,19,0
267,22.10132998736059,21.566896758444702,0.5344332289158868,961,108,21,20,1
268,22.19152953438783,21.71830197795464,0.47322755643318715,1023,111,17,16,1
269,22.15595428407411,21.660686865127154,0.4952674189469537,1038,100,18,14,4
270,22.309007994313173,21.829828048299994,0.4791799460131771,895,95,12,10,2
271,22.232231365676512,21.768286129340304,0.46394523633621293,969,100,15,15,0
272,22.131831858433827,21.616366458004592,0.5154654004292377,1017,115,16,14,2
273,22.15495013665814,21.669399671136354,0.48555046552178405,946,112,23,22,1
274,22.30865198599474,21.881663459405992,0.4269885265887441,948,108,11,11,0
275,22.243400552410858,21.73748009753151,0.5059204548793479,925,90,10,8,2
276,22.259858004130336,21.795323080187217,0.4645349239431191,934,104,11,11,0
277,22.178764487917665,21.67552870251381,0.5032357854038573,946,96,19,16,3
278,22.186644757060236,21.705933440455645,0.4807113166045852,962,111,18,16,2
279,22.235523203372555,21.7570418895154,0.47848131385715725,940,99,13,13,0
280,22.19582351650042,21.698411897889265,0.4974116186111528,1013,103,19,15,4
281,22.221219324305874,21.731277254648013,0.48994206965786147,955,92,18,16,2
282,22.189558117123482,21.69450960267461,0.4950485144488763,960,105,15,13,2
283,22.19339365638229,21.71094619363361,0.4824474627486818,1007,108,17,15,2
284,22.233916754632173,21.775049127251343,0.4588676273808256,946,118,15,14,1
285,22.259317225221245,21.791097210088935,0.4682200151323073,889,104,14,13,1
286,22.201851461288324,21.737849457657852,0.46400200363047406,963,119,14,13,1
287,22.134427957947725,21.650657582702117,0.48377037524560734,974,123,16,13,3
288,22.114922297040565,21.59513446863659,0.519787828403976,933,113,26,22,4
289,22.151271879690654,21.64680832809563,0.5044635515950245,966,107,17,14,3
290,22.21342104441905,21.721575865998783,0.49184517842026454,917,108,16,16,0
291,22.151830749119704,21.63260763824826,0.5192231108714501,978,102,13,10,3
292,22.25687565613037,21.777419732637778,0.4794559234925946,879,95,20,17,3
293,22.17034539234143,21.6899456653845,0.4803997269569319,959,113,16,16,0
294,22.19978038736091,21.7161287527864,0.48365163457451,919,115,15,13,2
295,22.140458528528924,21.626406526954813,0.514052001574111,1021,110,12,11,1
296,22.333860777736156,21.880363807089633,0.4534969706465204,954,97,11,11,0
297,22.22369573623617,21.780733263025503,0.44296247321067217,937,128,18,17,1
298,22.224643243936963,21.771995681318188,0.4526475626187718,915,119,11,11,0
299,22.1868335426298,21.748703853299766,0.4381296893300338,986,130,17,16,1
300,22.19703601078393,21.69681248896209,0.5002235218218357,884,111,11,7,4
301,22.18520532171315,21.703610527944583,0.4815947937685647,982,100,19,18,1
302,22.28746831306374,21.83543910334228,0.4520292097214563,946,105,10,10,0
303,22.24633752363424,21.784077242692828,0.4622602809414107,927,99,11,11,0
304,22.208906641920745,21.713932985901184,0.4949736560195581,964,104,14,13,1
305,22.22996718030455,21.738628102020808,0.491339078283745,919,99,16,15,1
306,22.239906811546533,21.777908084442068,0.461998727104468,969,94,17,16,1
307,22.22733013251704,21.747436289313438,0.4798938432036027,979,95,8,6,2
308,22.152344013003187,21.641356784207034,0.5109872287961575,955,109,16,14,2
309,22.179981081204122,21.701738698586155,0.4782423826179667,972,109,23,21,2
310,22.21155166461765,21.745370024575266,0.46618164004238916,974,119,12,12,0
311,22.25106656186852,21.813998272419134,0.4370682894493821,944,111,13,12,1
312,22.2241918439032,21.737777397199398,0.48641444670379996,925,104,16,13,3
313,22.175575413443752,21.67011718947552,0.505458223968233,1000,99,14,11,3
314,22.1635279515062,21.650617638931237,0.512910312574967,963,108,10,9,1
315,22.121966376898484,21.58312831376239,0.5388380631360944,967,95,16,14,2
316,22.15181938062411,21.64234941179281,0.5094699688313006,972,102,15,15,0
317,22.201626978672543,21.74274279451115,0.4588841841613938,891,123,21,21,0
318,22.226078851071726,21.756780544590807,0.46929830648091664,915,118,10,8,2
319,22.135306383074997,21.623963442416642,0.5113429406583568,978,96,14,12,2
320,22.242900677782732,21.778179054657258,0.46472162312547627,980,111,8,7,1
321,22.150058268927534,21.63711813700628,0.5129401319212535,1003,101,18,15,3
322,22.132629366561325,21.64921759354511,0.48341177301621574,993,127,17,15,2
323,22.221502208686914,21.75028830358485,0.4712139051020687,983,109,21,19,2
324,22.137628050570825,21.647871365525823,0.48975668504500164,894,122,22,20,2
325,22.3044861131892,21.894445080739132,0.41004103245006923,900,120,17,17,0
326,22.202243417301734,21.721099746488072,0.4811436708136602,938,122,12,12,0
327,22.271531827188326,21.784080503253357,0.48745132393496926,957,92,17,15,2
328,22.28656268865896,21.81644888811249,0.47011380054647217,912,94,10,8,2
329,22.237268237864626,21.78565662410421,0.4516116137604181,949,113,16,16,0
330,22.251522182802326,21.834403658735614,0.41711852406671623,929,129,11,11,0
331,22.153336470116543,21.659814787125523,0.493521682991018,943,122,25,24,1
332,22.20314515318932,21.74516156976872,0.4579835834205971,983,119,13,12,1
333,22.195437882074746,21.73840959620472,0.45702828587002664,994,119,16,16,0
334,22.21102383845722,21.726147034272522,0.4848768041846948,977,92,12,12,0
335,22.17680459237998,21.683144832172104,0.49365976020787605,959,104,18,17,1
336,22.235154796136047,21.7693337965172,0.46582099961884904,956,109,12,9,3
337,22.249635825957867,21.790757495924126,0.45887833003373835,906,127,12,12,0
338,22.13728153757598,21.66635553654618,0.4709260010297993,1038,132,15,14,1
339,22.22785995792603,21.745966324882065,0.4818936330439656,898,108,9,8,1
340,22.191925057076936,21.744444008790104,0.44748104828683455,971,124,10,10,0
341,22.191950458861175,21.708133872546217,0.48381658631496116,938,112,13,11,2
342,22.220443874021623,21.768731157012947,0.4517127170086726,973,123,5,5,0
343,22.132098219150002,21.634035963489367,0.49806225566063095,1035,118,15,13,2
344,22.177776783287683,21.73163600328727,0.4461407800004126,1002,134,20,20,0
345,22.203822194680562,21.727887304050974,0.4759348906295874,961,103,16,14,2
346,22.20757446323828,21.72275457888813,0.4848198843501456,933,124,14,11,3
347,22.171463382352634,21.66044370989844,0.5110196724541949,940,111,15,13,2
348,22.127530013308462,21.617670979432884,0.5098590338755795,966,115,14,12,2
349,22.248912388684893,21.78207954356944,0.46683284511545386,874,120,19,16,3
350,22.296278976331575,21.87162359406257,0.42465538226900185,913,113,12,12,0
351,22.244541225501994,21.739796463813093,0.5047447616888994,947,105,13,11,2
352,22.247525263935888,21.754127706944427,0.4933975569914626,951,104,14,11,3
353,22.240160508303607,21.787784377340515,0.45237613096308776,974,105,23,21,2
354,22.11891769601817,21.61357768941319,0.5053400066049802,949,120,18,17,1
355,22.339393100969012,21.923326017713656,0.4160670832553595,947,102,11,10,1
356,22.188933645772927,21.681602790431857,0.5073308553410742,939,112,13,11,2
357,22.320203930483565,21.852249143787304,0.4679547866962607,986,83,9,8,1
358,22.215085667934694,21.7513918226446,0.46369384529009045,933,104,22,20,2
359,22.195489674950302,21.727366812553136,0.4681228623971668,1035,107,13,11,2
360,22.145822616068713,21.661555521504475,0.4842670945642388,976,119,17,15,2
361,22.209778777676004,21.714094658693238,0.49568411898276665,942,94,24,20,4
362,22.24292989147102,21.775927095799897,0.46700279567112507,920,94,20,19,1
363,22.244141932006283,21.77761426354076,0.46652766846552346,927,106,17,16,1
364,22.20166356858102,21.71981005951296,0.48185350906806157,1012,116,20,18,2
365,22.17590000419067,21.667433612845773,0.5084663913448976,899,114,19,16,3
366,22.247531875906,21.76371102496233,0.4838208509436676,922,94,15,14,1
367,22.223363489483624,21.761982258223696,0.46138123125993125,929,100,18,18,0
368,22.19075601390047,21.72078232103134,0.46997369286912993,998,108,22,20,2
369,22.20090556564003,21.69584667269835,0.505058892941681,963,94,16,15,1
370,22.22886698097634,21.743499580818874,0.4853674001574621,929,90,15,14,1
371,22.258833302445144,21.792982156140287,0.46585114630485946,936,109,16,15,1
372,22.21402895563363,21.755684583289288,0.45834437234434366,974,108,10,10,0
373,22.30590602560887,21.882259566552378,0.4236464590564882,863,122,11,10,1
374,22.134646731335895,21.656451529828573,0.47819520150732403,956,132,25,21,4
375,22.250302359194745,21.78251271936325,0.46778963983149563,933,89,19,19,0
376,22.220437790851562,21.789116784927277,0.43132100592428846,980,122,18,17,1
377,22.11467975544389,21.60693895784728,0.5077407975966093,977,123,10,10,0
378,22.144501632078295,21.672437597310527,0.47206403476777076,986,118,20,19,1
379,22.252851849586527,21.772365101094028,0.4804867484925005,960,104,14,12,2
380,22.16548225658526,21.65647917703586,0.5090030795494025,964,97,22,19,3
381,22.19051867328652,21.75776243392329,0.4327562393632301,1019,144,15,14,1
382,22.18646524323644,21.713210272402563,0.4732549708338789,944,112,14,11,3
383,22.196158034008697,21.726868455259734,0.4692895787489595,1000,116,14,14,0
384,22.14633609837469,21.66521941418428,0.48111668419040876,994,107,24,20,4
385,22.287989159943447,21.82258926682179,0.4653998931216561,939,99,10,10,0
386,22.143134724488903,21.65906343172116,0.4840712927677421,1001,108,23,23,0
387,22.253577449431408,21.779661070290402,0.47391637914100176,926,108,16,14,2
388,22.191923355840196,21.686129091757245,0.5057942640829559,948,101,23,21,2
389,22.18799637408504,21.723840112243693,0.4641562618413462,961,128,8,6,2
390,22.2119261268729,21.74684147719079,0.46508464968210933,958,123,13,12,1
391,22.158762239287476,21.70434776922999,0.45441447005748453,965,130,20,20,0
392,22.166562749629797,21.696013136334372,0.47054961329542977,939,117,20,17,3
393,22.19910482219651,21.73753066740881,0.4615741547876995,988,113,14,13,1
394,22.162575507636824,21.666725123684202,0.4958503839526198,958,117,21,18,3
395,22.24079034348987,21.799268291779303,0.44152205171056946,940,116,10,10,0
396,22.250750409211477,21.771163979978866,0.4795864292326123,941,99,11,11,0
397,22.184177893114242,21.720402858961016,0.4637750341532282,956,125,19,17,2
398,22.223651753891463,21.760360690548254,0.4632910633432138,927,113,16,15,1
399,22.194344138158048,21.720292050816134,0.47405208734191684,929,117,11,11,0
400,22.219185410159376,21.7473038234516,0.47188158670777536,938,118,16,15,1
401,22.153822572525918,21.63839610111573,0.515426471410184,962,102,17,15,2
402,22.182220303811487,21.708754182200224,0.4734661216112648,952,125,13,13,0
403,22.177424398593345,21.705021103952248,0.4724032946411006,969,114,18,17,1
404,22.281697654878023,21.812444926704696,0.46925272817332664,941,87,12,11,1
405,22.190951010591405,21.700293375723177,0.49065763486823166,984,100,23,20,3
406,22.236910037573246,21.777773807507028,0.45913623006621773,964,98,20,18,2
407,22.1728281561351,21.6983072461533,0.4745209099818054,962,122,14,13,1
408,22.211898915224,21.746706703689654,0.46519221153434953,978,114,17,14,3
409,22.079697324513887,21.602120133217817,0.47757719129606885,982,134,22,21,1
410,22.18322060983772,21.7142820293042,0.4689385805335172,933,106,20,20,0
411,22.206590257465745,21.743868385137684,0.46272187232806156,974,131,15,13,2
412,22.17897218421932,21.666862196957158,0.512109987262161,923,110,12,9,3
413,22.24342215431942,21.804278520539768,0.43914363377965177,1003,108,20,19,1
414,22.17202705483234,21.717996277388693,0.4540307774436432,959,138,11,10,1
415,22.208323839206162,21.746598985745184,0.461724853460979,896,121,18,17,1
416,22.18349721759095,21.723847884120538,0.45964933347040815,986,104,24,24,0
417,22.11269163638942,21.614164727101763,0.49852690928765575,983,135,15,12,3
418,22.16083612520842,21.678847816051125,0.48198830915729324,957,118,22,17,5
419,22.12819699711173,21.6367910391009,0.4914059580108299,998,121,17,16,1
420,22.19665988859505,21.720612465960784,0.47604742263426236,904,116,21,19,2
421,22.186955751041303,21.729553954278884,0.4574017967624189,1002,123,22,21,1
422,22.19790053310367,21.746114960451045,0.45178557265262326,979,116,18,16,2
423,22.162708870566785,21.68003814419321,0.4826707263735755,931,128,22,21,1
424,22.222948970808392,21.778848151714435,0.44410081909395527,988,108,19,19,0
425,22.110588010200814,21.60718486586815,0.5034031443326608,960,130,24,21,3
426,22.189725265650175,21.731302223810502,0.4584230418396734,971,117,12,12,0
427,22.156205837526425,21.653445534604657,0.5027603029217739,915,115,16,15,1
428,22.236283950051682,21.740128506140906,0.49615544391077493,913,110,15,12,3
429,22.159372464859747,21.65502232965981,0.5043501351999359,966,110,20,16,4
430,22.208787644310778,21.73770417131745,0.4710834729933311,957,102,16,16,0
431,22.299985963335498,21.853140940307995,0.4468450230274983,902,102,14,12,2
432,22.19617475846007,21.687257368071965,0.5089173903881058,969,112,12,10,2
433,22.220342544081213,21.74578616245846,0.47455638162274877,957,111,14,14,0
434,22.248978460760057,21.782978132536254,0.46600032822380005,959,92,16,14,2
435,22.12017830502617,21.619998497016905,0.5001798080092635,944,126,25,21,4
436,22.29231990008628,21.81755806903482,0.47476183105145686,852,91,12,10,2
437,22.198272799391596,21.733503114833205,0.4647696845583864,911,121,16,16,0
438,22.170022212533404,21.651140309300455,0.518881903232951,979,97,12,9,3
439,22.106209163216803,21.5980207999903,0.5081883632265027,997,121,18,16,2
440,22.159933740433587,21.662857777789753,0.4970759626438339,968,106,19,19,0
441,22.2906794396097,21.823824645511657,0.46685479409804215,970,90,21,17,4
442,22.23745160773412,21.774996249937534,0.46245535779658997,955,114,17,15,2
443,22.147280870077704,21.658186290548763,0.4890945795289402,999,116,19,17,2
444,22.266210115143643,21.844131457104243,0.4220786580394014,996,116,16,15,1
445,22.255243471707512,21.801046172021003,0.45419729968651035,913,101,20,19,1
446,22.18678785804393,21.70070618101758,0.4860816770263531,931,108,15,15,0
447,22.205831728700865,21.742959736152386,0.46287199254848077,951,125,9,8,1
448,22.17412825012041,21.69989879310608,0.4742294570143334,973,124,7,7,0
449,22.257058368577628,21.768431364053264,0.4886270045243615,936,89,6,6,0
450,22.1606159792703,21.66475701037669,0.49585896889360603,936,109,20,20,0
451,22.19259081473102,21.699205227624894,0.4933855871061263,900,107,21,20,1
452,22.22695733098356,21.74708305405393,0.479874276929631,935,107,16,14,2
453,22.202676534436993,21.74402223059608,0.45865430384091543,975,116,13,12,1
454,22.111530706039595,21.60743174526186,0.5040989607777351,1001,125,19,17,2
455,22.136936626506433,21.62784726977529,0.5090893567311451,944,110,21,17,4
456,22.284416773057146,21.836098073759786,0.4483186992973578,914,105,22,21,1
457,22.09046341747878,21.5861648750122,0.5042985424665796,964,101,22,20,2
458,22.275965821949043,21.832580323869934,0.4433854980791077,925,110,20,18,2
459,22.251467372235968,21.78462173807727,0.46684563415869607,946,108,14,13,1
460,22.2044746299237,21.707689396951693,0.49678523297200433,936,103,15,14,1
461,22.17180222372141,21.68106358981295,0.4907386339084612,994,107,26,24,2
462,22.19188480005227,21.7202886267999,0.47159617325237446,983,114,12,12,0
463,22.205083276569404,21.724583481312926,0.48049979525647996,947,122,16,16,0
464,22.177282106973223,21.721168489443595,0.4561136175296266,980,124,14,13,1
465,22.227872942662245,21.737224040913503,0.49064890174873943,971,109,19,16,3
466,22.16045642645441,21.69466830336697,0.4657881230874395,986,124,20,16,4
467,22.139576401496104,21.66102709387657,0.4785493076195315,985,116,21,18,3
468,22.21360528503706,21.711318636268725,0.5022866487683376,915,89,16,15,1
469,22.15096784044393,21.67530885256965,0.47565898787428146,946,128,15,15,0
470,22.26406540862888,21.81435819359063,0.4497072150382544,954,114,16,15,1
471,22.249622840576567,21.76393050224504,0.48569233833152947,873,98,15,15,0
472,22.21566020558064,21.749884007616092,0.4657761979645485,955,110,12,11,1
473,22.231566407774004,21.773123480757462,0.45844292701654016,944,108,18,17,1
474,22.18866505054614,21.70695239476021,0.4817126557859257,963,121,21,18,3
475,22.269862749421225,21.79224237065716,0.4776203787640616,898,109,14,11,3
476,22.185408579597542,21.729010012361872,0.45639856723567485,1005,101,21,21,0
477,22.27631969026905,21.774774183471315,0.5015455067977312,918,95,17,15,2
478,22.209008554724754,21.71866865916598,0.4903398955587723,963,109,13,10,3
479,22.191068304142767,21.715050793064094,0.4760175110786782,1025,103,22,20,2
480,22.268735419101347,21.81206840681178,0.4566670122895661,938,112,14,12,2
481,22.20859603550451,21.72073379758003,0.4878622379244806,946,100,15,13,2
482,22.16954484069622,21.641853026586485,0.5276918141097355,931,106,20,15,5
483,22.278552936811447,21.81269075085214,0.46586218595930656,949,91,21,20,1
484,22.109016050691647,21.61227828339865,0.496737767292999,980,115,19,19,0
485,22.184447914210537,21.71540425849212,0.46904365571841766,973,113,23,20,3
486,22.2258549361476,21.73684916067169,0.48900577547590796,891,93,16,14,2
487,22.192741425782366,21.740724803803598,0.45201662197876996,919,125,22,20,2
488,22.21603968630079,21.719537745245038,0.49650194105575096,909,87,22,21,1
489,22.182041695220725,21.707324362602,0.4747173326187252,929,109,21,20,1
490,22.08909616910393,21.612463142350748,0.47663302675317853,1022,116,21,21,0
491,22.206555244436434,21.725755467781283,0.4807997766551525,895,114,15,14,1
492,22.194121928689547,21.71418152750437,0.47994040118518344,985,113,20,18,2
493,22.171026403156343,21.683443953926393,0.48758244922995053,917,113,17,16,1
494,22.279629830184327,21.85180074791588,0.42782908226844596,940,114,14,14,0
495,22.21863028168919,21.75445494687999,0.4641753348092028,975,121,18,15,3
496,22.19944914252027,21.703719155963327,0.49572998655693834,961,117,20,16,4
497,22.230725019408712,21.759406244617633,0.4713187747910777,986,97,14,11,3
498,22.266765701325653,21.82918974492248,0.4375759564031717,923,114,15,15,0
499,22.190041569374344,21.69651253593966,0.49352903343468196,947,114,16,16,0
500,22.25109218546543,21.768597363878182,0.48249482158725315,920,107,18,15,3
501,22.16711247732264,21.69690279768622,0.4702096796364214,960,120,22,21,1
502,22.15437012442916,21.682268531604297,0.47210159282486563,950,122,22,21,1
503,22.28645691664951,21.860034961573863,0.4264219550756473,948,108,17,17,0
504,22.27277509132856,21.826268050401644,0.44650704092691423,923,103,17,17,0
505,22.193390097735563,21.723145421778867,0.47024467595669484,992,109,15,14,1
506,22.211388563546347,21.731856945463196,0.47953161808314854,924,105,18,17,1
507,22.269511077232565,21.784768663523355,0.4847424137092119,931,98,9,8,1
508,22.08984939093202,21.55846233147183,0.531387059460194,980,104,23,20,3
509,22.2334331162066,21.785002081517813,0.44843103468878787,953,117,16,15,1
510,22.28166104824428,21.815266925053905,0.4663941231903761,972,99,16,15,1
511,22.146399794927106,21.655270996604983,0.49112879832212153,964,119,15,14,1
512,22.11029769154255,21.607129497045612,0.5031681944969322,1033,101,24,23,1
513,22.15274639117565,21.656539988508307,0.49620640266734134,1001,121,20,18,2
514,22.296559050434112,21.823466013043195,0.47309303739091313,937,92,9,8,1
515,22.09574654803874,21.575619868866383,0.5201266791723608,995,98,22,20,2
516,22.240559322893464,21.752547383245577,0.48801193964788714,957,96,17,16,1
517,22.206826158799245,21.737012578969473,0.4698135798297748,939,117,17,15,2
518,22.22181656540519,21.69594614202545,0.5258704233797458,923,80,15,11,4
519,22.224747672806554,21.751023394217988,0.47372427858856414,973,105,20,19,1
520,22.211621046873503,21.742714298451176,0.4689067484223258,951,118,26,23,3
521,22.17774337162357,21.659405642886618,0.5183377287369493,955,102,14,11,3
522,22.281807219535278,21.82197200060669,0.45983521892858903,960,96,11,9,2
523,22.18497382464912,21.703847970516886,0.4811258541322369,948,105,13,11,2
524,22.184011361448682,21.690720296325136,0.4932910651235456,929,116,23,19,4
525,22.21980347454511,21.75120495980356,0.4685985147415448,942,104,15,11,4
526,22.173246663600974,21.708947389422022,0.46429927417895,1021,103,16,15,1
527,22.256847283566724,21.784709361700966,0.4721379218657585,929,102,13,13,0
528,22.219900094660673,21.753097001673897,0.46680309298677475,944,105,25,24,1
529,22.213885631531817,21.733928147315325,0.4799574842164889,951,117,19,13,6
530,22.158800642843968,21.69104006318856,0.4677605796554057,998,115,14,13,1
531,22.1228962814496,21.62011205767112,0.5027842237784775,969,118,18,17,1
532,22.156355083340937,21.650276966201048,0.5060781171398855,960,113,15,15,0
533,22.199278503214973,21.7296045127525,0.46967399046247355,992,117,10,9,1
534,22.186465511455093,21.711725119025886,0.47474039242920374,915,121,17,16,1
535,22.163835075605554,21.660164173967587,0.5036709016379635,955,124,18,15,3
536,22.225913947590257,21.796692910643216,0.42922103694704455,998,120,15,13,2
537,22.181480550474575,21.71248283894655,0.46899771152802583,961,119,17,17,0
538,22.325610043373118,21.871757535527486,0.4538525078456324,919,106,12,10,2
539,22.21415999928589,21.74474514923283,0.46941485005306083,916,108,12,12,0
540,22.211560829147903,21.76399946258057,0.44756136656733225,977,108,25,23,2
541,22.10838199413979,21.62546486583263,0.4829171283071585,975,129,17,16,1
542,22.22962378411929,21.752092155602103,0.4775316285171866,927,103,13,11,2
543,22.198044152760392,21.689922588121956,0.5081215646384386,952,91,21,16,5
544,22.17121438374033,21.663326433641853,0.5078879500984788,1020,93,19,17,2
545,22.176236135818318,21.70319066460469,0.4730454712136247,1020,120,19,14,5
546,22.35813856257003,21.911956506793725,0.44618205577630243,928,90,13,12,1
547,22.191737139236484,21.697314182592407,0.4944229566440766,966,108,15,12,3
548,22.21366815715414,21.727622588287296,0.4860455688668433,988,116,14,12,2
549,22.186218156001097,21.684000507508678,0.5022176484924198,980,97,11,9,2
550,22.235393839022702,21.75307754556733,0.4823162934553729,890,110,13,12,1
551,22.19622163451334,21.708113280227327,0.4881083542860159,972,115,15,14,1
552,22.246055184148965,21.777916124474892,0.46813905967406894,914,114,23,21,2
553,22.25271165680164,21.783876637198524,0.46883501960311713,964,111,9,7,2
554,22.184669648781924,21.709801594965064,0.4748680538168609,967,116,19,17,2
555,22.17217862128637,21.690092317465695,0.4820863038206751,955,105,17,15,2
556,22.236357014774498,21.77825615592283,0.4581008588516702,996,108,16,16,0
557,22.183785796926294,21.708053708000556,0.4757320889257374,1008,117,18,15,3
558,22.1875817971817,21.713527437140456,0.47405436004124235,1000,124,15,12,3
559,22.28577410434546,21.83266702988599,0.45310707445946946,914,101,19,19,0
560,22.22559401533706,21.739204408342196,0.4863896069948617,930,100,20,18,2
561,22.135293102030246,21.681913137198162,0.4533799648320864,1024,140,9,9,0
562,22.144117860398023,21.66260618154929,0.4815116788487325,1002,117,19,15,4
563,22.278896404307883,21.779369866257294,0.4995265380505899,904,89,13,13,0
564,22.15758277744942,21.676695721358136,0.48088705609128535,993,120,19,17,2
565,22.203063289237186,21.747753568239933,0.4553097209972496,957,124,15,13,2
566,22.219126313248093,21.766457339968603,0.4526689732794897,962,116,20,20,0
567,22.184021834862833,21.704435025054618,0.4795868098082182,967,118,23,21,2
568,22.28558517400856,21.80680728738541,0.47877788662314574,911,97,8,7,1
569,22.188856975302215,21.72584086132927,0.46301611397294273,997,118,15,14,1
570,22.205047561432416,21.728189706776494,0.4768578546559235,980,105,13,12,1
571,22.189919600035584,21.702560552417243,0.48735904761834026,952,107,17,15,2
572,22.163894401573657,21.662180199989706,0.5017142015839458,996,94,17,16,1
573,22.214525011469423,21.748625161169556,0.46589985029986947,964,118,9,9,0
574,22.262741186031757,21.805959166023335,0.4567820200084264,1006,90,10,10,0
575,22.302962453783405,21.869018695150828,0.4339437586325725,949,112,15,15,0
576,22.23624345032453,21.785505561826575,0.4507378884979518,1015,106,7,6,1
577,22.300683686417617,21.87527202796966,0.42541165844795614,971,117,8,8,0
578,22.099209757359837,21.592213547924484,0.5069962094353566,970,120,26,26,0
579,22.211671156401223,21.71304947498289,0.4986216814183347,934,91,16,15,1
580,22.216347096335795,21.7829421270826,0.43340496925319283,955,121,13,13,0
581,22.178311751763495,21.712563359781246,0.46574839198224893,987,121,18,18,0
582,22.137985107665035,21.641397419569056,0.4965876880959751,995,117,11,10,1
583,22.231298636223677,21.757600536504253,0.4736980997194231,921,109,17,16,1
584,22.140167526148847,21.6270182671807,0.5131492589681474,967,104,20,18,2
585,22.13945321948215,21.645623883977084,0.4938293355050668,967,118,26,23,3
586,22.18261485286431,21.72190335524993,0.4607114976143823,1019,112,14,14,0
587,22.143269027266243,21.639192020926412,0.5040770063398288,938,108,20,18,2
588,22.311978439093902,21.876788543307764,0.4351898957861401,915,94,17,17,0
589,22.241574039184655,21.763577552606787,0.47799648657786786,959,109,5,4,1
590,22.255818808334222,21.810568816743384,0.44524999159083983,947,106,13,13,0
591,22.159053094562577,21.68864312529172,0.47040996927085876,975,118,20,20,0
592,22.17305957468243,21.68269442816745,0.4903651465149803,1033,111,20,16,4
593,22.235663116793937,21.753017137241038,0.4826459795528958,940,104,11,10,1
594,22.24331399831844,21.753408806815592,0.4899051915028464,892,97,12,11,1
595,22.15429100906878,21.66980686028417,0.4844841487846094,1009,107,11,10,1
596,22.190230158311344,21.727077161841173,0.463152996470173,1012,122,19,17,2
597,22.276253390619264,21.827195085120294,0.4490583054989683,972,102,11,10,1
598,22.222897372861535,21.76757350257864,0.4553238702828946,969,113,10,9,1
599,22.18340369951779,21.689883738919345,0.49351996059844505,913,118,22,21,1
600,22.19394406611537,21.719734924684715,0.47420914143065257,944,115,16,15,1
601,22.27160876194508,21.835485100878188,0.43612366106689276,980,103,19,18,1
602,22.25449374317901,21.802771504292146,0.4517222388868659,916,107,16,16,0
603,22.144875872862407,21.608671867237305,0.536204005625104,998,91,21,17,4
604,22.168801044278457,21.673869391640572,0.49493165263788563,970,113,15,13,2
605,22.215232902391982,21.747462547926098,0.4677703544658839,954,114,14,13,1
606,22.134423617502005,21.63722523602505,0.49719838147695605,1034,111,18,17,1
607,22.241141578774375,21.765186358838655,0.4759552199357231,887,109,13,13,0
608,22.20070651907822,21.709586025995016,0.49112049308320505,977,99,17,14,3
609,22.23260610083676,21.78701997126491,0.4455861295718496,940,113,16,15,1
610,22.244323786208913,21.782371209776517,0.46195257643239623,916,104,14,12,2
611,22.13388974300488,21.63057683831709,0.5033129046877899,923,116,18,16,2
612,22.2064340911125,21.707589371893047,0.4988447192194485,925,117,16,12,4
613,22.168911500206768,21.700680615882966,0.46823088432379917,1018,123,14,11,3
614,22.23880339735672,21.757988245494882,0.4808151518618372,870,105,18,16,2
615,22.134817927245727,21.611759537770403,0.5230583894753218,1032,111,14,10,4
616,22.22216559377797,21.716482176706982,0.5056834170709874,938,107,22,17,5
617,22.243102176578788,21.759914584639056,0.48318759193972877,951,100,15,14,1
618,22.117636263123337,21.602630052815222,0.5150062103081156,987,105,24,21,3
619,22.203584785850495,21.70296370295606,0.5006210828944356,928,108,18,16,2
620,22.207645460361686,21.73265493012057,0.47499053024111415,1002,104,13,13,0
621,22.248953734348426,21.77935894577351,0.46959478857491793,972,91,10,9,1
622,22.179268411609296,21.72436527355095,0.4549031380583441,946,118,25,24,1
623,22.25249059527121,21.813030006763142,0.43946058850806996,967,112,10,9,1
624,22.158285710888567,21.684367149560885,0.4739185613276835,932,122,20,20,0
625,22.215555722830324,21.758885989321595,0.4566697335087302,1034,120,16,14,2
626,22.098557242795728,21.580709952996866,0.517847289798859,1001,111,19,18,1
627,22.143457181013243,21.632510366748683,0.510946814264561,998,109,18,16,2
628,22.152490625154677,21.674886164532698,0.47760446062197787,995,103,14,14,0
629,22.206859523272367,21.763315430834197,0.44354409243816717,928,136,14,11,3
630,22.169552629415904,21.677921619613745,0.49163100980215985,985,115,20,17,3
631,22.09781587400418,21.5845647827653,0.5132510912388787,1006,121,23,20,3
632,22.139929203118957,21.65451412914316,0.4854150739757991,1038,115,21,19,2
633,22.277705608540906,21.794658351128003,0.48304725741290533,922,95,14,12,2
634,22.28393275677968,21.814876091007683,0.4690566657720005,926,101,19,16,3
635,22.203792934630382,21.722762725259763,0.48103020937061747,1009,117,10,9,1
636,22.25591983779926,21.793342903174107,0.462576934625151,928,101,20,19,1
637,22.237665117457293,21.766524524843245,0.4711405926140496,959,96,17,17,0
638,22.28049216689021,21.80849562333023,0.47199654355998044,929,97,8,7,1
639,22.16197326614928,21.68585887028378,0.4761143958654993,1004,122,26,24,2
640,22.148558546659064,21.644566333852943,0.5039922128061198,934,109,19,17,2
641,22.220897814970485,21.74832456447846,0.47257325049202503,954,115,15,13,2
642,22.145448763383303,21.658967949847735,0.48648081353556516,981,118,13,13,0
643,22.143051821224915,21.645053082673897,0.49799873855102234,1004,96,17,15,2
644,22.21222682402468,21.71082413509996,0.5014026889247198,997,101,15,14,1
645,22.238697176378643,21.757730606116358,0.4809665702622856,970,95,19,17,2
646,22.13875952357714,21.628311454084685,0.5104480694924556,982,104,16,15,1
647,22.206385517151585,21.740150470557907,0.4662350465936809,918,119,17,16,1
648,22.18825801626633,21.719203211611458,0.4690548046548758,953,109,16,14,2
649,22.178862960191065,21.677821688209008,0.5010412719820598,978,95,22,19,3
650,22.23576457547276,21.72379256432341,0.5119720111493492,967,94,17,12,5
651,22.234956499665476,21.771786609009176,0.4631698906563002,947,110,10,10,0
652,22.141136421802624,21.656590646228494,0.48454577557413053,980,109,16,15,1
653,22.200835596523262,21.709479932312064,0.49135566421119603,1012,113,12,10,2
654,22.21533502155037,21.740069406056545,0.47526561549382645,969,91,20,20,0
655,22.171365306375087,21.68271457615186,0.4886507302232245,1002,113,16,14,2
656,22.20186149273719,21.751157233226564,0.45070425951062754,922,122,20,19,1
657,22.242271605802536,21.78096748597547,0.46130411982706654,1005,102,10,9,1
658,22.180018041725106,21.69794472891492,0.48207331281018645,976,108,18,17,1
659,22.145287543635533,21.674257478317557,0.47103006531797614,1043,110,15,15,0
660,22.191438033040612,21.71943948911185,0.47199854392876595,969,116,20,17,3
661,22.12982423418144,21.65265309955466,0.47717113462678257,1061,121,19,18,1
662,22.186893759397563,21.712462029005813,0.47443173039174746,963,127,13,11,2
663,22.102143308532245,21.5612673976651,0.540875910867143,987,114,17,14,3
664,22.047688806564956,21.5207223945035,0.5269664120614533,980,131,21,20,1
665,22.249202551665427,21.800284461679816,0.44891808998560595,913,102,16,16,0
666,22.15790510471267,21.701251782831562,0.456653321881103,999,120,19,19,0
667,22.167139474768987,21.68063986466484,0.48649961010414444,965,123,15,14,1
668,22.196260938987425,21.70787883927772,0.48838209970970875,969,113,10,10,0
669,22.17463420396879,21.69467552334549,0.4799586806232975,970,115,14,14,0
670,22.20133008185227,21.6950890027076,0.5062410791446669,924,103,18,16,2
671,22.215537929786493,21.74454303175295,0.47099489803354205,995,114,13,10,3
672,22.248201795984972,21.781416303822336,0.46678549216263665,966,104,14,14,0
673,22.237241024514365,21.770386642574504,0.4668543819398608,923,96,22,20,2
674,22.204424992782204,21.743700569255303,0.4607244235269031,984,123,17,14,3
675,22.242297980921894,21.791531013681013,0.4507669672408825,981,116,10,8,2
676,22.15588897439467,21.628400962571767,0.5274880118229085,946,110,16,14,2
677,22.28148651396902,21.812278982788087,0.46920753118093916,995,91,11,9,2
678,22.195536809286253,21.699524958548594,0.496011850737662,960,111,18,13,5
679,22.086051152044917,21.572713244841975,0.5133379072029408,991,122,22,18,4
680,22.188024027787723,21.670702475623735,0.5173215521639901,984,107,20,15,5
681,22.237345703002575,21.7456232911443,0.491722411858275,951,90,21,18,3
682,22.3101841764609,21.865626594651193,0.4445575818097089,927,104,11,10,1
683,22.25931238438165,21.81792618879446,0.44138619558719483,968,105,17,14,3
684,22.173186657755455,21.665021604622883,0.5081650531325708,946,100,16,14,2
685,22.110248779803783,21.62463260645123,0.48561617335255497,991,123,22,20,2
686,22.222998062497837,21.72219397758665,0.5008040849111884,1005,97,18,15,3
687,22.20404048185886,21.734876156685317,0.46916432517353956,1005,105,14,14,0
688,22.29233149534625,21.82619630405727,0.4661351912889799,943,104,14,11,3
689,22.248374060453223,21.770298935987466,0.4780751244657545,924,102,16,15,1
690,22.081916333936896,21.55324497262547,0.5286713613114288,1005,112,19,18,1
691,22.233496354240977,21.744853571045418,0.48864278319556254,902,119,14,9,5
692,22.197921075144485,21.693546036341502,0.504375038802984,944,95,13,11,2
693,22.16916160112238,21.686096714268363,0.48306488685401794,941,120,19,19,0
694,22.154964358899804,21.63628932585951,0.5186750330402929,977,102,11,11,0
695,22.234245145420655,21.752304051572775,0.4819410938478781,930,95,18,15,3
696,22.060753467655857,21.52352029610116,0.5372331715546935,991,106,25,20,5
697,22.2080050629882,21.75341075524205,0.4545943077461479,954,124,16,15,1
698,22.12268161826681,21.613231333440538,0.5094502848262707,964,114,19,16,3
699,22.20748860871888,21.74107036837306,0.46641824034582136,953,104,24,21,3
700,22.176254012969558,21.698088962752355,0.47816505021720085,967,117,17,16,1
701,22.226314442118067,21.74919316807364,0.4771212740444264,961,107,12,11,1
702,22.184675738822307,21.71579009611028,0.4688856427120275,1001,109,18,16,2
703,22.175358027723647,21.69087487735502,0.4844831503686263,994,120,15,13,2
704,22.26084708031083,21.811983072112326,0.4488640081985024,930,109,16,16,0
705,22.260375435133824,21.779760463413677,0.4806149717201482,929,92,13,12,1
706,22.26260018371292,21.805083261279457,0.45751692243346187,939,106,14,13,1
707,22.2137960310004,21.72370795664762,0.4900880743527774,986,99,17,14,3
708,22.171857130914233,21.663962468071976,0.5078946628422566,933,110,21,18,3
709,22.266312655038014,21.811523213768112,0.45478944126990023,892,99,15,14,1
710,22.273077173015267,21.822301038888725,0.4507761341265449,939,101,11,10,1
711,22.25610024073754,21.799812181621093,0.4562880591164414,930,131,10,9,1
712,22.23661586214298,21.752719242275234,0.48389661986774857,923,109,10,8,2
713,22.150784162610897,21.661554625478896,0.48922953713200107,960,115,21,19,2
714,22.099534635336376,21.591627195259974,0.5079074400764043,1017,122,17,13,4
715,22.184541528418773,21.72066702154549,0.4638745068732811,932,117,14,12,2
716,22.227272241050578,21.722229062144287,0.5050431789062939,967,95,9,8,1
717,22.1812909978765,21.699244097905105,0.482046899971397,1002,100,17,15,2
718,22.20792095337332,21.718470982242618,0.4894499711307059,928,116,11,11,0
719,22.157878420630116,21.644919547330428,0.5129588732996879,973,112,12,11,1
720,22.15166927348538,21.619758495532956,0.5319107779524233,1003,85,11,10,1
721,22.16210009373626,21.67367042776915,0.48842966596711235,1003,112,24,21,3
722,22.19468010908061,21.691907438469116,0.5027726706114939,942,104,16,14,2
723,22.183716166895163,21.70111094567391,0.48260522122124905,939,119,11,10,1
724,22.158456059295734,21.66366196904658,0.4947940902491563,954,122,19,18,1
725,22.17396620505301,21.66986540757414,0.5041007974788682,932,110,19,17,2
726,22.212741283174516,21.734433133036145,0.4783081501383712,901,100,16,15,1
727,22.200441320318877,21.733012766100856,0.46742855421802315,962,113,16,16,0
728,22.244427957765826,21.75857194502729,0.4858560127385366,986,94,9,8,1
729,22.15811970965038,21.687076873211755,0.47104283643862516,929,116,23,21,2
730,22.215758547680476,21.69890606557789,0.5168524821025846,908,88,21,19,2
731,22.246072776549312,21.772749386956978,0.47332338959233605,1027,95,8,7,1
732,22.106794272033664,21.613507770296494,0.49328650173717353,1039,124,15,14,1
733,22.279850027142242,21.81532791970428,0.4645221074379611,945,96,20,18,2
734,22.204500270941125,21.73913588712455,0.46536438381657563,952,109,15,15,0
735,22.187637053295024,21.693091604556013,0.4945454487390078,969,105,13,11,2
736,22.261319663595142,21.777823041513194,0.4834966220819509,970,80,12,11,1
737,22.267935420946184,21.791133713865904,0.4768017070802756,956,100,17,14,3
738,22.247961987797975,21.80418772198115,0.44377426581682455,962,113,16,16,0
739,22.186853284757078,21.702089878781194,0.48476340597588097,947,122,17,15,2
740,22.325622704082445,21.876756675060598,0.44886602902184736,926,100,12,10,2
741,22.265347080343933,21.82203554018024,0.4433115401636906,956,110,15,15,0
742,22.22041668906745,21.764052644174118,0.45636404489333543,947,111,22,20,2
743,22.237455482532607,21.77907631651092,0.45837916602168605,940,110,20,19,1
744,22.194178822892138,21.726349599648973,0.46782922324316184,983,107,18,17,1
745,22.264486556980458,21.795789978599103,0.4686965783813545,931,106,16,16,0
746,22.157128614929327,21.66365302230034,0.49347559262898755,981,111,15,13,2
747,22.183298531995543,21.691445609006813,0.4918529229887316,995,104,15,12,3
748,22.17665513377733,21.709931029073694,0.46672410470363385,926,134,17,15,2
749,22.23311030648687,21.773399332497174,0.4597109739896993,922,123,17,15,2
750,22.224310421742736,21.749308072190324,0.4750023495524141,956,104,14,14,0
751,22.146820951596474,21.66527417931155,0.48154677228492826,1005,107,24,20,4
752,22.101653396800536,21.6095859520375,0.4920674447630407,1038,124,15,14,1
753,22.210953082042707,21.752786520288538,0.4581665617541675,932,108,15,15,0
754,22.23756961599396,21.762000681067505,0.4755689349264544,949,103,22,19,3
755,22.2852220790352,21.829458346356606,0.45576373267859493,939,102,12,10,2
756,22.214076550753777,21.706660984789778,0.5074155659639985,1010,85,10,9,1
757,22.155799027763045,21.66280040952135,0.49299861824169405,988,106,16,15,1
758,22.258058963640373,21.792377133464274,0.46568183017610165,928,104,11,11,0
759,22.257403610031563,21.79805927299792,0.45934433703364114,959,99,16,16,0
760,22.202487298562936,21.75048026833749,0.4520070302254462,969,122,16,15,1
761,22.158387031308315,21.629096787996474,0.5292902433118372,963,105,13,10,3
762,22.27253845301846,21.82171581056298,0.4508226424554793,910,113,17,15,2
763,22.10313224797074,21.544238886499766,0.5588933614709726,996,99,20,14,6
764,22.20438505996509,21.7306452429006,0.4737398170644963,879,124,15,15,0
765,22.19403292550566,21.68715470166815,0.5068782238375068,947,96,22,20,2
766,22.145604510098764,21.679119504571563,0.46648500552719857,950,127,15,14,1
767,22.26151305975406,21.81403257072111,0.4474804890329449,979,116,10,9,1
768,22.208317859856116,21.743686566389577,0.46463129346654053,1011,109,17,16,1
769,22.249131288410233,21.793378109237587,0.455753179172647,934,117,11,11,0
770,22.204466675225007,21.738712455445768,0.465754219779238,1029,111,17,14,3
771,22.197178596198604,21.7053642645117,0.4918143316868976,936,109,16,13,3
772,22.24415354628521,21.77110166819515,0.4730518780900616,934,99,19,16,3
773,22.117941753674444,21.629314235833924,0.4886275178405211,996,121,20,19,1
774,22.2448268159202,21.77929504480176,0.4655317711184348,938,91,12,11,1
775,22.24844914722174,21.779936584598687,0.46851256262305263,968,94,8,8,0
776,22.210728602921858,21.72237418800517,0.48835441491669185,941,110,13,11,2
777,22.20178069706774,21.719316928872182,0.4824637681955576,927,109,17,15,2
778,22.11630186560383,21.608297642592504,0.5080042230113309,956,113,19,16,3
779,22.20220855443444,21.722930361300588,0.47927819313385445,932,109,15,15,0
780,22.12997264655457,21.610241419252752,0.5197312273018196,959,103,17,16,1
781,22.239037783921894,21.78954146644407,0.4494963174778248,945,113,18,18,0
782,22.1547725422583,21.675019772744392,0.4797527695139093,980,108,19,17,2
783,22.225160476598322,21.765911788862656,0.4592486877356643,975,105,11,11,0
784,22.174426808344705,21.713648931597973,0.4607778767467355,1021,121,12,12,0
785,22.249516433857895,21.790159003653173,0.4593574302047232,943,101,15,13,2
786,22.139204782973472,21.654478139199117,0.4847266437743539,984,117,18,16,2
787,22.151974646168103,21.676892684177087,0.4750819619910126,1002,116,13,13,0
788,22.237015686866105,21.7586543608206,0.4783613260455044,970,108,9,9,0
789,22.250390871316167,21.787031338066,0.4633595332501693,1009,99,15,14,1
790,22.2719520531969,21.836866236565875,0.43508581663102813,934,113,15,15,0
791,22.21344776755688,21.736393282533236,0.47705448502364434,980,104,25,23,2
792,22.21580887764848,21.73483552096703,0.48097335668144997,947,117,17,16,1
793,22.24370196867728,21.767379136325427,0.47632283235185086,912,101,16,15,1
794,22.133615634116865,21.638511408758863,0.4951042253580009,991,112,21,20,1
795,22.2176643986786,21.749789476950085,0.46787492172851447,1006,91,15,14,1
796,22.181430772189465,21.69876636637308,0.48266440581638326,903,116,21,20,1
797,22.168894965637136,21.68953173266406,0.4793632329730724,991,114,11,11,0
798,22.315084428523907,21.87168612631703,0.4433983022068788,899,106,17,17,0
799,22.236354885905282,21.75677792495342,0.47957696095186636,936,105,17,16,1
800,22.183861179561298,21.71856907736771,0.465292102193588,973,112,16,16,0
801,22.25709465068742,21.82460945665448,0.43248519403293495,929,115,18,16,2
802,22.265862706612907,21.770650671092717,0.4952120355201905,923,96,11,10,1
803,22.160448740520593,21.667673638457032,0.4927751020635637,923,115,21,16,5
804,22.142509015719448,21.67704798207803,0.46546103364141916,961,123,21,21,0
805,22.18748427545148,21.700681554960557,0.4868027204909271,937,107,15,14,1
806,22.20643882770563,21.708979633645832,0.4974591940597948,963,91,21,19,2
807,22.208447375928017,21.719531695192394,0.48891568073561875,935,110,18,16,2
808,22.215447715085013,21.740448435978564,0.47499927910645146,955,107,19,19,0
809,22.146994140900894,21.662055868425565,0.48493827247532767,975,121,18,16,2
810,22.258942502155122,21.772939958237842,0.48600254391728026,920,93,17,16,1
811,22.242154759271298,21.75948292976969,0.4826718295016081,908,106,8,7,1
812,22.16156108312482,21.67898772791333,0.48257335521148687,925,124,21,20,1
813,22.218502914839394,21.715795292089002,0.5027076227503908,917,97,20,18,2
814,22.256878525883877,21.79937441051152,0.4575041153723555,996,114,10,8,2
815,22.220021977396836,21.75188516851032,0.4681368088865118,899,125,10,9,1
816,22.175230347010068,21.677611162760215,0.49761918424985613,953,115,10,8,2
817,22.242016021655328,21.742080863588985,0.49993515806634503,920,95,17,17,0
818,22.259744671962466,21.80012842939704,0.4596162425654222,946,109,11,11,0
819,22.208670624608647,21.764661294097564,0.4440093305110846,1004,122,14,13,1
820,22.190006977666833,21.731016514171905,0.45899046349493255,956,138,10,9,1
821,22.215254742295947,21.75923457945213,0.4560201628438181,938,112,18,17,1
822,22.2309188191044,21.767773272687037,0.46314554641736394,895,111,13,13,0
823,22.1926612758551,21.725548090888065,0.4671131849670419,955,111,20,19,1
824,22.251677696356822,21.80177238660609,0.449905309750731,982,108,16,16,0
825,22.13424045387284,21.646491556475674,0.4877488973971675,966,117,29,27,2
826,22.254969059663154,21.81394216970048,0.44102688996267714,936,106,18,18,0
827,22.27916860948958,21.82261923631849,0.4565493731710847,979,86,17,17,0
828,22.149203344600316,21.665905022453217,0.48329832214709956,964,130,14,12,2
829,22.108669440391854,21.62543825965424,0.4832311807376125,960,126,21,20,1
830,22.224133047595235,21.759398723796302,0.46473432379893076,933,110,12,10,2
831,22.271867855520338,21.83474015411275,0.4371277014075847,933,122,13,13,0
832,22.23475047851214,21.764815099397666,0.46993537911447114,926,105,17,15,2
833,22.216772030250954,21.719702615534548,0.49706941471640703,952,105,13,10,3
834,22.224574557292208,21.75563378262555,0.4689407746666565,937,93,11,10,1
835,22.18220266349033,21.686006742719186,0.4961959207711463,1003,95,21,20,1
836,22.095094064084826,21.603262956322435,0.4918311077623928,1005,133,19,18,1
837,22.267314932094568,21.818310415410703,0.4490045166838613,907,113,9,7,2
838,22.233042607428498,21.78372340057143,0.44931920685707005,979,110,12,11,1
839,22.213548798047007,21.749246550844155,0.4643022472028552,963,107,16,16,0
840,22.282480864199012,21.834243655799106,0.44823720839990205,977,101,13,13,0
841,22.152572669315113,21.63622960113849,0.516343068176626,946,113,17,14,3
842,22.15329976650407,21.640268484496975,0.5130312820070916,954,103,19,18,1
843,22.25980183030332,21.79537090060284,0.46443092970048405,933,98,16,16,0
844,22.22188879084871,21.753462821181717,0.468425969666991,969,109,16,14,2
845,22.31113788016913,21.861640547991115,0.44949733217801574,928,91,16,16,0
846,22.212663762155238,21.762682592340894,0.44998116981433633,1018,122,10,8,2
847,22.21411808625859,21.730608661078854,0.48350942517973683,981,116,11,10,1
848,22.186259703564954,21.722859140114178,0.46340056345077457,980,109,14,13,1
849,22.22865154880365,21.747112179132635,0.48153936967101385,932,110,21,20,1
850,22.214279983993038,21.716209744464614,0.49807023952842616,948,108,18,16,2
851,22.26097966775724,21.757435070599534,0.5035445971577085,925,92,15,15,0
852,22.158214696965906,21.68876406073636,0.4694506362295483,919,141,11,11,0
853,22.27571724555134,21.854059733431342,0.421657512119998,905,132,12,12,0
854,22.163776493453767,21.661251411928344,0.50252508152542,964,117,21,18,3
855,22.198281090052504,21.728182515970445,0.4700985740820599,973,106,15,15,0
856,22.21795168110773,21.750791306066944,0.46716037504078767,946,106,16,14,2
857,22.14690144641867,21.632107204636256,0.5147942417824145,961,109,16,14,2
858,22.22077562308696,21.75828423022572,0.46249139286124286,988,101,17,15,2
859,22.25403676790982,21.804078059304082,0.4499587086057345,965,107,16,16,0
860,22.300449472523272,21.86478175177992,0.43566772074335375,918,120,6,6,0
861,22.259268696003154,21.787047348620167,0.47222134738298827,934,105,8,5,3
862,22.082201269076364,21.603318974292954,0.47888229478340594,1031,138,27,26,1
863,22.231935774323148,21.759465698433928,0.47247007588921947,984,95,9,8,1
864,22.189891454540117,21.701911598974796,0.487979855565321,951,117,15,15,0
865,22.268848803962026,21.838275559546716,0.4305732444153131,1003,111,6,6,0
866,22.15903011962871,21.718909079635345,0.4401210399933658,1000,137,20,18,2
867,22.239337243282037,21.779755770415026,0.45958147286701495,994,99,10,10,0
868,22.170152864325562,21.72122186021312,0.44893100411244174,949,127,15,15,0
869,22.211534974495795,21.744232647217157,0.46730232727864074,962,108,17,15,2
870,22.283461433196656,21.84327946664719,0.44018196654946895,963,100,18,18,0
871,22.1672686085582,21.68912519849038,0.4781434100678176,905,124,15,13,2
872,22.1958644321069,21.72034415279235,0.4755202793145509,1036,102,20,18,2
873,22.211770056984406,21.738836634802546,0.47293342218185863,956,107,18,17,1
874,22.133133408213453,21.59265866618858,0.5404747420248749,971,94,14,12,2
875,22.276381284312706,21.839899364267687,0.43648192004502306,937,107,13,13,0
876,22.21372031385134,21.724546543588183,0.4891737702631609,902,105,14,13,1
877,22.11003203252321,21.610739893849377,0.4992921386738374,1012,121,20,19,1
878,22.23115727260163,21.768771107173457,0.4623861654281759,897,111,21,19,2
879,22.188729956763524,21.699534849038862,0.48919510772465924,975,109,18,18,0
880,22.228032716535644,21.724842614216463,0.5031901023191834,947,88,15,14,1
881,22.117819886776577,21.582944649927335,0.5348752368492461,971,85,24,22,2
882,22.227699708876255,21.751389475557872,0.47631023331838374,983,109,17,15,2
883,22.20814288725384,21.738346466910244,0.46979642034359514,992,103,15,15,0
884,22.237453459014947,21.776079879882037,0.461373579132907,954,110,18,17,1
885,22.318710337943827,21.879199929489932,0.43951040845389505,882,102,14,13,1
886,22.191769466349086,21.739521590074528,0.452247876274558,954,125,16,16,0
887,22.235886253951882,21.732327464131444,0.5035587898204416,932,89,12,12,0
888,22.2085742221639,21.73556528499837,0.4730089371655332,984,111,20,18,2
889,22.14910108064924,21.63816788596348,0.5109331946857567,956,106,20,17,3
890,22.166558657606995,21.692679637492578,0.4738790201144165,991,119,14,14,0
891,22.242353212963977,21.786545357350033,0.45580785561394604,966,105,14,13,1
892,22.139423468491294,21.64979026983997,0.4896331986513239,1021,118,20,16,4
893,22.239642782068636,21.75278037678753,0.48686240528110425,902,94,11,11,0
894,22.130717545789906,21.646070954797278,0.4846465909926271,978,124,17,13,4
895,22.220028338877388,21.73618888886631,0.4838394500110791,950,105,16,12,4
896,22.172313595857034,21.68736473466062,0.4849488611964123,1005,109,17,15,2
897,22.261912915132346,21.793360644590464,0.4685522705418818,906,115,18,16,2
898,22.134906270872396,21.658752722638248,0.47615354823415174,979,138,12,11,1
899,22.193297690953514,21.69534493912309,0.4979527518304245,982,104,16,15,1
900,22.224191172028757,21.7477701406132,0.4764210314155608,950,107,17,16,1
901,22.19693215972108,21.724521234378983,0.47241092534209433,945,104,16,15,1
902,22.236436354830534,21.75540923950251,0.4810271153280246,934,108,18,16,2
903,22.15696249327287,21.673862668017826,0.4830998252550438,935,118,24,20,4
904,22.255156160424107,21.80204314093974,0.45311301948436333,942,108,21,21,0
905,22.16180006622772,21.663134944545043,0.49866512168268046,938,124,20,14,6
906,22.222968297187574,21.77016982847737,0.4527984687102005,934,125,19,18,1
907,22.270932556765786,21.837214489400104,0.43371806736567936,991,109,18,16,2
908,22.220967227647993,21.751621178360327,0.46934604928766305,945,120,12,10,2
909,22.154725980437053,21.655371837567237,0.4993541428698167,962,131,17,13,4
910,22.1606868908726,21.670618900228927,0.4900679906436758,991,110,14,12,2
911,22.126523580791012,21.6275049177905,0.49901866300051667,973,115,32,28,4
912,22.343292203910487,21.927445759425407,0.4158464444850838,914,111,10,10,0
913,22.158440845052752,21.663875782791035,0.49456506226171654,901,125,17,15,2
914,22.154448130253176,21.673939327646956,0.4805088026062199,974,110,18,17,1
915,22.178655140204413,21.703027559591096,0.4756275806133141,966,116,12,11,1
916,22.246341013026324,21.752625756924328,0.4937152561019931,955,106,12,10,2
917,22.257892765947158,21.777919749663674,0.47997301628348443,987,94,6,6,0
918,22.171884455613856,21.672857293449166,0.4990271621646918,992,102,13,13,0
919,22.309955859592378,21.887269529163966,0.42268633042841197,915,106,14,13,1
920,22.30232914789991,21.853029733523904,0.449299414376012,919,95,12,12,0
921,22.22527390640924,21.77119096592648,0.4540829404827607,919,123,9,8,1
922,22.166922595344797,21.641259974078814,0.525662621265987,966,94,19,15,4
923,22.2067936799661,21.730394387724154,0.4763992922419464,952,114,11,11,0
924,22.198569686494363,21.737971027297366,0.4605986591969937,902,128,15,15,0
925,22.161844077008077,21.669231151758602,0.4926129252494748,977,108,19,17,2
926,22.200595307742816,21.711336367921213,0.48925893982159846,959,113,12,11,1
927,22.17328011761589,21.674593333889618,0.4986867837262694,954,100,18,17,1
928,22.19942280568644,21.734162741607406,0.46526006407902865,976,106,22,21,1
929,22.253727286043233,21.771458408436718,0.48226887760651066,956,101,14,14,0
930,22.150433590050874,21.639226276995554,0.5112073130553239,932,122,11,8,3
931,22.21801601487553,21.76140427009457,0.4566117447809654,955,110,19,18,1
932,22.182087176866936,21.682985285019143,0.49910189184779347,972,95,21,17,4
933,22.201855323188603,21.723750625151364,0.47810469803724226,930,107,24,23,1
934,22.18875400450036,21.717097640691286,0.47165636380907483,947,116,14,12,2
935,22.178746085106773,21.67586448657032,0.5028815985364535,975,104,17,13,4
936,22.253213593663904,21.791424235461612,0.46178935820228806,967,101,16,15,1
937,22.194127290663634,21.701586380399075,0.49254091026455976,944,113,19,18,1
938,22.197826251128294,21.729360915103474,0.4684653360248219,975,127,12,9,3
939,22.310783658246898,21.859147057076726,0.4516366011701694,875,86,16,16,0
940,22.192793788005588,21.702011092101383,0.490782695904206,933,108,15,13,2
941,22.24425770780693,21.76139521942758,0.4828624883793509,952,100,19,18,1
942,22.29105604841746,21.831949314828666,0.4591067335887957,927,99,10,10,0
943,22.235060947707428,21.766670178343514,0.4683907693639139,927,117,9,9,0
944,22.236157847408688,21.76702097045785,0.46913687695084083,940,97,26,24,2
945,22.269821740085433,21.7874229622948,0.48239877779063306,906,97,10,7,3
946,22.144360687714908,21.61758205474598,0.5267786329689271,1015,82,18,14,4
947,22.226582553144215,21.78645174584379,0.4401308073004215,991,114,16,16,0
948,22.188036589708094,21.70639219071504,0.4816443989930544,949,117,20,19,1
949,22.192762185665508,21.697509566961184,0.49525261870432485,967,99,13,13,0
950,22.0918517355217,21.54781631796967,0.5440354175520314,875,118,17,15,2
951,22.14534503036697,21.65298416693592,0.4923608634310456,1012,109,17,15,2
952,22.201321578752854,21.747059828145197,0.4542617506076546,970,123,20,18,2
953,22.15700398294817,21.636165136638024,0.5208388463101417,912,101,17,16,1
954,22.08698121409361,21.572542075782923,0.5144391383106848,961,123,13,12,1
955,22.12885438786813,21.64303481378465,0.48581957408348303,961,127,17,16,1
956,22.256589491809148,21.83946188239453,0.4171276094146159,909,123,16,16,0
957,22.12120555750388,21.652372282279742,0.4688332752241395,1022,130,17,16,1
958,22.199695578375326,21.73601299058741,0.46368258778791716,1043,103,16,15,1
959,22.19135067727246,21.711318960055014,0.48003171721744764,999,113,16,15,1
960,22.183873905829515,21.737091074987106,0.44678283084241155,1002,130,16,14,2
961,22.27786794161176,21.816589335997367,0.4612786056143935,948,102,8,8,0
962,22.188271110361704,21.6942376341129,0.49403347624880867,972,100,12,10,2
963,22.186090638649283,21.710871853788838,0.4752187848604431,938,106,23,23,0
964,22.229618703555943,21.7341739184117,0.49544478514424617,935,96,13,11,2
965,22.22668828751216,21.757701861596143,0.46898642591601897,963,123,15,13,2
966,22.224784885788267,21.77379833861415,0.4509865471741189,943,126,12,11,1
967,22.24761648522664,21.755192409928803,0.4924240752978381,953,95,15,14,1
968,22.269810983704133,21.821241544172658,0.4485694395314799,971,103,16,14,2
969,22.25040241274479,21.769937090737827,0.4804653220069626,923,92,13,12,1
970,22.14940661978959,21.657812206155374,0.49159441363421486,945,105,26,26,0
971,22.16503514616737,21.661848951035957,0.5031861951314184,945,100,19,18,1
972,22.23419198400179,21.78866940560154,0.4455225784002442,976,114,15,14,1
973,22.178154490760626,21.683398096204535,0.49475639455609166,961,105,21,19,2
974,22.2582183877736,21.790082231552002,0.4681361562215973,952,99,5,4,1
975,22.25948465854693,21.80188743254153,0.45759722600540004,962,104,13,13,0
976,22.21300218973839,21.736382013294012,0.4766201764443785,913,113,16,13,3
977,22.181732204962895,21.678718403439134,0.5030138015237612,934,101,17,16,1
978,22.179640106507804,21.689087371479822,0.4905527350279851,929,120,14,13,1
979,22.15873377286204,21.646233837010467,0.5124999358515727,919,117,15,13,2
980,22.20601373543609,21.748994089934662,0.4570196455014297,1002,116,20,20,0
981,22.184699163869908,21.661081637310247,0.5236175265596611,960,102,14,11,3
982,22.242135686374173,21.798748779037467,0.4433869073367046,907,119,18,17,1
983,22.143252899076565,21.652623197000782,0.4906297020757858,980,97,25,24,1
984,22.270119350417033,21.812935749766567,0.45718360065046515,943,109,7,7,0
985,22.22883282618222,21.76640956582021,0.4624232603620121,952,107,12,11,1
986,22.2169339870163,21.70391382270735,0.5130201643089513,927,98,12,10,2
987,22.164630765533254,21.680854277210358,0.48377648832289816,953,117,19,16,3
988,22.260213438986668,21.77672999872515,0.4834834402615204,930,98,15,13,2
989,22.193066343559146,21.69721757495589,0.4958487686032541,966,101,17,15,2
990,22.29457356132775,21.822737966959135,0.4718355943686139,944,93,9,8,1
991,22.19373420330896,21.683236073756635,0.5104981295523223,928,94,22,20,2
992,22.156940027014084,21.674160866918687,0.4827791600953999,1000,122,21,19,2
993,22.181117887838674,21.729923738314163,0.45119414952451414,973,125,12,11,1
994,22.21299236002022,21.714995710292865,0.49799664972735797,926,101,15,14,1
995,22.291852654206178,21.83377929876731,0.45807335543886113,920,104,14,12,2
996,22.1823132278805,21.698706285923155,0.48360694195734333,979,103,17,16,1
997,22.254353289698475,21.78981613061417,0.46453715908430604,948,98,21,19,2
998,22.258740163235604,21.810516059454933,0.4482241037806711,963,106,12,12,0
999,22.166031041492204,21.67351163007551,0.4925194114166959,976,106,16,14,2
